Title,Company,Salary
Title,Company,Salary
Junior Software Engineer,"Big Fish Games, Inc.3.5
Franklin, TN 37067","$58,282 - $108,238 a year"
Software Lab Engineer,"Big Fish Games, Inc.3.5
Franklin, TN 37067","$58,282 - $108,238 a year"
Associate Software Developer,"Wealth Access
Nashville, TN 37201
1st Ave S & Demonbreun St",Estimated $81K - $103K a year
Jr. Software Engineer,"Wentwood Companies Inc.
Brentwood, TN 37027",Estimated $63.4K - $80.3K a year
Web Development Manager,"TechnologyAdvice
Nashville, TN 37210
Woodycrest Station","$110,000 - $165,000 a year"
Software Engineer,"Workwear Outfitters3.6
Nashville, TN","$75,000 - $130,000 a year"
Software Developer,"FortyAU
Nashville, TN 37219
6th Ave N & Church St","$60,000 - $185,000 a year"
Associate Software Engineer,"iHeartMedia, Inc.3.5
Nashville, TN 37201
Broadway Ave & 3rd Ave",Estimated $93K - $118K a year
Software Developer - C#,"Locks Global Staffing LLC
Franklin, TN 37067","$110,000 - $125,000 a year"
Software Developer,"AO Smith3.5
Nashville, TN 37228",Estimated $57.1K - $72.3K a year
Software Engineer III,"Urban League4.1
Nashville, TN 37201","$125,000 - $145,000 a year"
Developer Relations (for the Frontend developer community),"Recruiting From Scratch
Nashville, TN 37235","$165,000 - $230,000 a year"
Associate Application Developer - Remote,"Vanderbilt University Medical Center3.7
Nashville, TN",
Associate Software Engineer,"Brightree3.4
Brentwood, TN",Estimated $82.5K - $105K a year
Software Development Engineer in Test (SDET),"Rustici Software
Franklin, TN 37067
Mallory Ln & Cool Spgs Market - W",None
